{
  "road_regions": [
    {
      "center_x": -0.0036525726318359375,
      "center_y": 2.49232816696167,
      "center_z": 0.0,
      "size_x": 39.14803695678711,
      "size_y": 8.69118595123291,
      "size_z": 4.0,
      "rot_z": 0.0
    },
    {
      "center_x": 24.636588287353526,
      "center_y": 0.7064104080200195,
      "center_z": 0.0,
      "size_x": 14.655372619628906,
      "size_y": 58.19451141357422,
      "size_z": 5.999999999999993,
      "rot_z": 0.18000000000000002
    }
  ],
  "background_regions": [
    {
      "center_x": 0.0,
      "center_y": 0.0,
      "center_z": 0.0,
      "size_x": 4.599999999999998,
      "size_y": 2.0,
      "size_z": 2.0,
      "rot_z": 0.0
    }
  ]
}
