{
  "road_regions": [
    {
      "center_x": -27.673574447631836,
      "center_y": -8.890167236328125,
      "center_z": 0.0,
      "size_x": 8.310054779052734,
      "size_y": 20.661216735839844,
      "size_z": 4.0,
      "rot_z": 0.0
    },
    {
      "center_x": -4.1687140464782715,
      "center_y": -0.3724181652069092,
      "center_z": 0.0,
      "size_x": 28.042198181152344,
      "size_y": 10.087894439697266,
      "size_z": 4.0,
      "rot_z": 0.0
    },
    {
      "center_x": 20.691539764404297,
      "center_y": 9.827956199645996,
      "center_z": 0.0,
      "size_x": 6.121572494506836,
      "size_y": 39.28009033203125,
      "size_z": 4.0,
      "rot_z": 0.0
    }
  ],
  "background_regions": [
    {
      "center_x": 0.0,
      "center_y": 0.0,
      "center_z": 0.0,
      "size_x": 4.599999999999998,
      "size_y": 2.0,
      "size_z": 2.0,
      "rot_z": 0.0
    }
  ]
}
