{
  "road_regions": [
    {
      "center_x": -7.062483978271474,
      "center_y": 0.03575587272644043,
      "center_z": 0.0,
      "size_x": 42.39957809448242,
      "size_y": 10.989639282226562,
      "size_z": 4.0,
      "rot_z": 0.0
    },
    {
      "center_x": 17.250865936279297,
      "center_y": 0.6261873245239258,
      "center_z": 0.0,
      "size_x": 10.569887161254883,
      "size_y": 38.01470947265625,
      "size_z": 4.0,
      "rot_z": 0.0
    },
    {
      "center_x": 17.89947509765625,
      "center_y": -26.929821014404297,
      "center_z": 0.0,
      "size_x": 9.346738815307617,
      "size_y": 19.838834762573242,
      "size_z": 4.0,
      "rot_z": 0.0
    }
  ],
  "background_regions": [
    {
      "center_x": 0.0,
      "center_y": 0.0,
      "center_z": 0.0,
      "size_x": 4.0,
      "size_y": 2.0,
      "size_z": 2.0,
      "rot_z": 0.0
    },
    {
      "center_x": 12.148733139038086,
      "center_y": 14.278020858764648,
      "center_z": 0.0,
      "size_x": 1.7962684631347656,
      "size_y": 1.4968900680541992,
      "size_z": 4.0,
      "rot_z": 0.0
    }
  ]
}
