{
  "road_regions": [
    {
      "center_x": -2.9435348510742188,
      "center_y": 7.047406196594238,
      "center_z": 0.0,
      "size_x": 70.3056869506836,
      "size_y": 24.10955238342285,
      "size_z": 7.699999999999987,
      "rot_z": 0.0
    }
  ],
  "background_regions": [
    {
      "center_x": 0.0,
      "center_y": 0.0,
      "center_z": 0.0,
      "size_x": 4.0,
      "size_y": 2.0,
      "size_z": 2.0,
      "rot_z": 0.0
    },
    {
      "center_x": 9.804424285888672,
      "center_y": 7.5804243087768555,
      "center_z": 0.0,
      "size_x": 20.896263122558594,
      "size_y": 4.830316543579102,
      "size_z": 4.0,
      "rot_z": 0.0
    },
    {
      "center_x": 17.24420166015625,
      "center_y": 19.386152267456055,
      "center_z": 0.0,
      "size_x": 1.3116779327392578,
      "size_y": 1.1067237854003906,
      "size_z": 4.0,
      "rot_z": 0.0
    },
    {
      "center_x": -31.653064727783203,
      "center_y": 5.5239105224609375,
      "center_z": -4.4,
      "size_x": 1.588460922241211,
      "size_y": 3.9455323219299316,
      "size_z": 4.0,
      "rot_z": 0.0
    }
  ]
}
