{
  "road_regions": [
    {
      "center_x": -1.9050064086914062,
      "center_y": 1.5479001522064197,
      "center_z": 0.0,
      "size_x": 42.26763916015625,
      "size_y": 16.454666137695284,
      "size_z": 4.0,
      "rot_z": 0.0
    }
  ],
  "background_regions": [
    {
      "center_x": 0.0,
      "center_y": 0.0,
      "center_z": 0.0,
      "size_x": 4.0,
      "size_y": 2.0,
      "size_z": 2.0,
      "rot_z": 0.0
    },
    {
      "center_x": 12.876870155334473,
      "center_y": 8.231526374816895,
      "center_z": 0.0,
      "size_x": 5.799753189086914,
      "size_y": 7.247207164764404,
      "size_z": 4.0,
      "rot_z": 0.0
    }
  ]
}
