{
  "road_regions": [
    {
      "center_x": -6.079013824462891,
      "center_y": 1.3675432205200195,
      "center_z": 0.0,
      "size_x": 48.694786071777344,
      "size_y": 13.909740447998047,
      "size_z": 4.0,
      "rot_z": 0.0
    },
    {
      "center_x": 17.0314998626709,
      "center_y": -9.925581932067871,
      "center_z": 0.0,
      "size_x": 7.854670524597168,
      "size_y": 34.346004486083984,
      "size_z": 4.0,
      "rot_z": 0.0
    }
  ],
  "background_regions": [
    {
      "center_x": 0.0,
      "center_y": 0.0,
      "center_z": 0.0,
      "size_x": 4.0,
      "size_y": 2.0,
      "size_z": 2.0,
      "rot_z": 0.0
    },
    {
      "center_x": 11.658340454101562,
      "center_y": 8.125632286071777,
      "center_z": 0.0,
      "size_x": 3.39947509765625,
      "size_y": 2.1821956634521484,
      "size_z": 4.0,
      "rot_z": 0.0
    },
    {
      "center_x": 2.0353450775146484,
      "center_y": 0.044076740741729736,
      "center_z": 0.0,
      "size_x": 0.8078923225402832,
      "size_y": 1.9088279008865356,
      "size_z": 4.0,
      "rot_z": 0.0
    }
  ]
}
