{
  "road_regions": [
    {
      "center_x": -6.700936317443848,
      "center_y": 2.524380683898926,
      "center_z": 0.0,
      "size_x": 46.511566162109375,
      "size_y": 12.568695068359375,
      "size_z": 4.0,
      "rot_z": 0.0
    },
    {
      "center_x": 19.227149963378906,
      "center_y": 15.136941909790039,
      "center_z": 0.0,
      "size_x": 13.868907928466797,
      "size_y": 50.47456741333008,
      "size_z": 4.0,
      "rot_z": 0.0
    },
    {
      "center_x": -0.17333984375,
      "center_y": -7.710665702819824,
      "center_z": 0.0,
      "size_x": 5.013071060180664,
      "size_y": 6.43567419052124,
      "size_z": 4.0,
      "rot_z": 0.0
    }
  ],
  "background_regions": [
    {
      "center_x": 0.0,
      "center_y": 0.0,
      "center_z": 0.0,
      "size_x": 4.0,
      "size_y": 2.0,
      "size_z": 2.0,
      "rot_z": 0.0
    },
    {
      "center_x": 2.838479995727539,
      "center_y": -3.5245678424835205,
      "center_z": 0.0,
      "size_x": 1.0168087482452393,
      "size_y": 0.7150330543518066,
      "size_z": 4.0,
      "rot_z": 0.0
    }
  ]
}
