{
  "road_regions": [
    {
      "center_x": -4.5530500411987305,
      "center_y": -0.1264820098876953,
      "center_z": 0.0,
      "size_x": 50.51551055908203,
      "size_y": 11.024581909179688,
      "size_z": 4.0,
      "rot_z": 0.0
    },
    {
      "center_x": 18.131162643432617,
      "center_y": -15.604694366455078,
      "center_z": 0.0,
      "size_x": 11.35634994506836,
      "size_y": 43.951255798339844,
      "size_z": 4.0,
      "rot_z": 0.0
    },
    {
      "center_x": 8.670514488220226,
      "center_y": -7.642317008972167,
      "center_z": 0.0,
      "size_x": 16.354620742797835,
      "size_y": 8.92415304183959,
      "size_z": 4.0,
      "rot_z": -0.6200000000000003
    }
  ],
  "background_regions": [
    {
      "center_x": 0.0,
      "center_y": 0.0,
      "center_z": 0.0,
      "size_x": 4.0,
      "size_y": 2.0,
      "size_z": 2.0,
      "rot_z": 0.0
    }
  ]
}
