{
  "road_regions": [
    {
      "center_x": -3.7472972869873047,
      "center_y": 6.550740718841553,
      "center_z": -0.6,
      "size_x": 74.33436584472656,
      "size_y": 24.29128799438473,
      "size_z": 7.499999999999988,
      "rot_z": 0.019999999999999997
    }
  ],
  "background_regions": [
    {
      "center_x": 0.0,
      "center_y": 0.0,
      "center_z": 0.0,
      "size_x": 4.0,
      "size_y": 2.0,
      "size_z": 2.0,
      "rot_z": 0.0
    },
    {
      "center_x": -23.087783813476562,
      "center_y": 18.706424713134766,
      "center_z": 0.0,
      "size_x": 1.997854232788086,
      "size_y": 1.7980709075927734,
      "size_z": 7.599999999999987,
      "rot_z": 0.0
    },
    {
      "center_x": -0.38034486770629883,
      "center_y": 7.741103172302246,
      "center_z": -0.7,
      "size_x": 21.074878692626953,
      "size_y": 4.96199760437012,
      "size_z": 4.0,
      "rot_z": 0.03
    }
  ]
}
