{
  "road_regions": [
    {
      "center_x": 2.3480024337768555,
      "center_y": 0.07761383056640625,
      "center_z": 0.0,
      "size_x": 30.261037826538086,
      "size_y": 14.488168716430664,
      "size_z": 6.499999999999991,
      "rot_z": 0.0
    },
    {
      "center_x": -26.03189277648925,
      "center_y": 2.337130308151245,
      "center_z": 0.0,
      "size_x": 27.04128646850586,
      "size_y": 10.358327865600586,
      "size_z": 4.0,
      "rot_z": 0.0
    },
    {
      "center_x": 23.794708251953125,
      "center_y": -0.5480533123016357,
      "center_z": 0.0,
      "size_x": 16.793983459472656,
      "size_y": 9.625423431396484,
      "size_z": 6.79999999999999,
      "rot_z": -0.08
    }
  ],
  "background_regions": [
    {
      "center_x": 0.0,
      "center_y": 0.0,
      "center_z": 0.0,
      "size_x": 4.0,
      "size_y": 2.0,
      "size_z": 2.0,
      "rot_z": 0.0
    },
    {
      "center_x": -9.476968765258789,
      "center_y": -6.241086959838867,
      "center_z": 1.8000000000000005,
      "size_x": 5.279350280761719,
      "size_y": 3.9801368713378906,
      "size_z": 1.699999999999998,
      "rot_z": 0.0
    }
  ]
}
