{
  "road_regions": [
    {
      "center_x": -2.0722646713256836,
      "center_y": 1.2067910671234108,
      "center_z": 0.0,
      "size_x": 43.277548217773436,
      "size_y": 7.318390655517595,
      "size_z": 4.0,
      "rot_z": 0.0
    },
    {
      "center_x": 3.148665189743042,
      "center_y": -12.274551391601562,
      "center_z": 0.0,
      "size_x": 13.207639694213867,
      "size_y": 4.5111188888549805,
      "size_z": 4.0,
      "rot_z": 0.0
    }
  ],
  "background_regions": [
    {
      "center_x": 0.0,
      "center_y": 0.0,
      "center_z": 0.0,
      "size_x": 4.599999999999998,
      "size_y": 2.0,
      "size_z": 2.0,
      "rot_z": 0.0
    }
  ]
}
