{
  "road_regions": [
    {
      "center_x": -4.887185096740723,
      "center_y": 0.43669605255126953,
      "center_z": 0.0,
      "size_x": 46.46155548095703,
      "size_y": 16.423177719116183,
      "size_z": 4.0,
      "rot_z": 0.060000000000000005
    },
    {
      "center_x": 21.204364776611328,
      "center_y": -9.114885330200195,
      "center_z": 0.0,
      "size_x": 8.136934280395508,
      "size_y": 33.6345100402832,
      "size_z": 4.0,
      "rot_z": 0.0
    },
    {
      "center_x": 30.790340423583984,
      "center_y": 1.752934455871582,
      "center_z": 0.0,
      "size_x": 17.945838928222656,
      "size_y": 12.511926651000977,
      "size_z": 4.0,
      "rot_z": 0.0
    }
  ],
  "background_regions": [
    {
      "center_x": 0.0,
      "center_y": 0.0,
      "center_z": 0.0,
      "size_x": 4.0,
      "size_y": 2.0,
      "size_z": 2.0,
      "rot_z": 0.0
    }
  ]
}
