{
  "road_regions": [
    {
      "center_x": -3.88040828704834,
      "center_y": 2.006457233428954,
      "center_z": 0.0,
      "size_x": 27.501863479614258,
      "size_y": 7.30574588775637,
      "size_z": 4.0,
      "rot_z": 0.0
    },
    {
      "center_x": -21.74346351623535,
      "center_y": 3.31353497505188,
      "center_z": 0.0,
      "size_x": 7.2204132080078125,
      "size_y": 4.550053119659424,
      "size_z": 4.0,
      "rot_z": 0.0
    },
    {
      "center_x": 16.742040634155273,
      "center_y": -3.8420045375823975,
      "center_z": 0.0,
      "size_x": 15.995881080627441,
      "size_y": 10.340999603271484,
      "size_z": 4.0,
      "rot_z": 0.0
    },
    {
      "center_x": 16.88405990600586,
      "center_y": 10.409103393554688,
      "center_z": 0.0,
      "size_x": 16.794767379760742,
      "size_y": 21.33669662475586,
      "size_z": 4.0,
      "rot_z": 0.0
    }
  ],
  "background_regions": [
    {
      "center_x": 0.0,
      "center_y": 0.0,
      "center_z": 0.0,
      "size_x": 4.0,
      "size_y": 2.0,
      "size_z": 2.0,
      "rot_z": 0.0
    }
  ]
}
