{
  "road_regions": [
    {
      "center_x": -4.73249626159668,
      "center_y": -3.111995220184326,
      "center_z": 0.0,
      "size_x": 30.243358612060547,
      "size_y": 9.107547760009766,
      "size_z": 4.0,
      "rot_z": 0.0
    },
    {
      "center_x": -0.9421157836914062,
      "center_y": 11.455622673034668,
      "center_z": 0.0,
      "size_x": 40.66463851928711,
      "size_y": 8.946672439575195,
      "size_z": 4.0,
      "rot_z": 0.0
    },
    {
      "center_x": -8.70921802520752,
      "center_y": -13.006427764892578,
      "center_z": 0.0,
      "size_x": 22.5742244720459,
      "size_y": 2.1799707412719727,
      "size_z": 4.0,
      "rot_z": -0.04
    },
    {
      "center_x": 1.2822775840759277,
      "center_y": -14.380507278442385,
      "center_z": 0.0,
      "size_x": 4.485957145690918,
      "size_y": 5.289168357849121,
      "size_z": 4.0,
      "rot_z": 0.0
    }
  ],
  "background_regions": [
    {
      "center_x": 0.0,
      "center_y": 0.0,
      "center_z": 0.0,
      "size_x": 4.0,
      "size_y": 2.0,
      "size_z": 2.0,
      "rot_z": 0.0
    }
  ]
}
