{
  "road_regions": [
    {
      "center_x": -3.3298778533935547,
      "center_y": 3.022590160369873,
      "center_z": 0.0,
      "size_x": 47.051334381103516,
      "size_y": 8.565247535705566,
      "size_z": 4.0,
      "rot_z": 0.0
    },
    {
      "center_x": -3.451951026916504,
      "center_y": 13.731145858764648,
      "center_z": 0.0,
      "size_x": 47.405029296875,
      "size_y": 8.921744346618652,
      "size_z": 4.0,
      "rot_z": 0.0
    },
    {
      "center_x": 20.116455078125,
      "center_y": 8.643646240234375,
      "center_z": 0.0,
      "size_x": 12.647676467895508,
      "size_y": 19.534954071044922,
      "size_z": 4.0,
      "rot_z": 0.0
    }
  ],
  "background_regions": [
    {
      "center_x": 0.0,
      "center_y": 0.0,
      "center_z": 0.0,
      "size_x": 4.0,
      "size_y": 2.0,
      "size_z": 2.0,
      "rot_z": 0.0
    },
    {
      "center_x": 11.269107818603516,
      "center_y": 8.424577713012695,
      "center_z": 0.0,
      "size_x": 5.810887336730957,
      "size_y": 2.618992328643799,
      "size_z": 4.0,
      "rot_z": 0.0
    }
  ]
}
