{
  "road_regions": [
    {
      "center_x": -2.1098403930664062,
      "center_y": 3.0532263755798343,
      "center_z": 0.0,
      "size_x": 40.88287353515625,
      "size_y": 8.595715904235838,
      "size_z": 4.0,
      "rot_z": 0.0
    },
    {
      "center_x": 14.793667793273926,
      "center_y": -2.953427314758301,
      "center_z": 0.0,
      "size_x": 8.711458206176758,
      "size_y": 3.531977415084839,
      "size_z": 4.0,
      "rot_z": 0.0
    }
  ],
  "background_regions": [
    {
      "center_x": 0.0,
      "center_y": 0.0,
      "center_z": 0.0,
      "size_x": 4.0,
      "size_y": 2.0,
      "size_z": 2.0,
      "rot_z": 0.0
    }
  ]
}
