{
  "road_regions": [
    {
      "center_x": -1.432168960571289,
      "center_y": 1.9112892150878906,
      "center_z": 0.0,
      "size_x": 45.54741287231445,
      "size_y": 12.151147842407227,
      "size_z": 4.0,
      "rot_z": 0.0
    }
  ],
  "background_regions": [
    {
      "center_x": 0.0,
      "center_y": 0.0,
      "center_z": 0.0,
      "size_x": 4.0,
      "size_y": 2.0,
      "size_z": 2.0,
      "rot_z": 0.0
    },
    {
      "center_x": -10.908387184143066,
      "center_y": 2.116501808166504,
      "center_z": 0.7999999999999999,
      "size_x": 28.81697654724121,
      "size_y": 16.126680374145508,
      "size_z": 1.2999999999999976,
      "rot_z": 0.0
    },
    {
      "center_x": -14.146746635437012,
      "center_y": 7.513133525848389,
      "center_z": 0.9999999999999999,
      "size_x": 12.705362319946289,
      "size_y": 3.965508460998535,
      "size_z": 2.1999999999999984,
      "rot_z": 0.0
    },
    {
      "center_x": 8.729669570922852,
      "center_y": -4.125753402709961,
      "center_z": 0.0,
      "size_x": 3.5878682136535645,
      "size_y": 1.0859780311584473,
      "size_z": 4.0,
      "rot_z": 0.0
    }
  ]
}
