{
  "road_regions": [
    {
      "center_x": 1.414759635925293,
      "center_y": 0.6458392143249512,
      "center_z": 0.0,
      "size_x": 61.39453887939453,
      "size_y": 16.378045654296827,
      "size_z": 4.0,
      "rot_z": 0.04
    },
    {
      "center_x": -2.2203688621520996,
      "center_y": 10.637945175170898,
      "center_z": 0.0,
      "size_x": 23.76852035522461,
      "size_y": 1.9461435317993154,
      "size_z": 4.0,
      "rot_z": 0.04
    }
  ],
  "background_regions": [
    {
      "center_x": 0.0,
      "center_y": 0.0,
      "center_z": 0.0,
      "size_x": 4.0,
      "size_y": 2.0,
      "size_z": 2.0,
      "rot_z": 0.0
    },
    {
      "center_x": -9.175439834594727,
      "center_y": 10.987258911132812,
      "center_z": 0.0,
      "size_x": 0.9023733139038086,
      "size_y": 0.7664003372192383,
      "size_z": 4.0,
      "rot_z": 0.0
    },
    {
      "center_x": -12.818428993225098,
      "center_y": 10.896768569946289,
      "center_z": 0.0,
      "size_x": 0.6662158966064453,
      "size_y": 0.7895898818969727,
      "size_z": 4.0,
      "rot_z": 0.0
    }
  ]
}
