{
  "road_regions": [
    {
      "center_x": 5.593481063842773,
      "center_y": 2.513698101043701,
      "center_z": 0.0,
      "size_x": 26.32801055908203,
      "size_y": 11.687666893005371,
      "size_z": 4.0,
      "rot_z": 0.0
    },
    {
      "center_x": 17.936841964721694,
      "center_y": -0.15158843994140625,
      "center_z": 0.0,
      "size_x": 10.466114807128896,
      "size_y": 49.46509552001953,
      "size_z": 4.0,
      "rot_z": -0.23000000000000007
    },
    {
      "center_x": 27.888328552246065,
      "center_y": 5.132635879516599,
      "center_z": 0.0,
      "size_x": 16.223215103149414,
      "size_y": 10.004981613159188,
      "size_z": 4.0,
      "rot_z": 0.0
    }
  ],
  "background_regions": [
    {
      "center_x": 0.0,
      "center_y": 0.0,
      "center_z": 0.0,
      "size_x": 4.0,
      "size_y": 2.0,
      "size_z": 2.0,
      "rot_z": 0.0
    },
    {
      "center_x": 8.658578872680664,
      "center_y": -19.15113067626953,
      "center_z": 0.0,
      "size_x": 5.60215425491333,
      "size_y": 10.937536239624023,
      "size_z": 4.0,
      "rot_z": 0.0
    }
  ]
}
