{
  "road_regions": [
    {
      "center_x": -4.56943473815918,
      "center_y": 0.16736841201782227,
      "center_z": 0.0,
      "size_x": 36.5918014526368,
      "size_y": 9.345121383666992,
      "size_z": 6.499999999999991,
      "rot_z": 0.0
    }
  ],
  "background_regions": [
    {
      "center_x": 0.0,
      "center_y": 0.0,
      "center_z": 0.0,
      "size_x": 4.0,
      "size_y": 2.0,
      "size_z": 2.0,
      "rot_z": 0.0
    },
    {
      "center_x": 13.18717098236084,
      "center_y": -4.171813011169434,
      "center_z": 0.0,
      "size_x": 1.9874496459960938,
      "size_y": 2.043971538543701,
      "size_z": 4.0,
      "rot_z": 0.0
    }
  ]
}
