{
  "road_regions": [
    {
      "center_x": 1.3079032897949219,
      "center_y": 6.919520473480221,
      "center_z": 0.0,
      "size_x": 61.48002624511719,
      "size_y": 23.69764175415039,
      "size_z": 4.0,
      "rot_z": 0.0
    },
    {
      "center_x": 23.136077880859375,
      "center_y": -5.434201240539551,
      "center_z": 0.0,
      "size_x": 16.865005493164062,
      "size_y": 44.50239562988281,
      "size_z": 4.0,
      "rot_z": 0.0
    }
  ],
  "background_regions": [
    {
      "center_x": 0.0,
      "center_y": 0.0,
      "center_z": 0.0,
      "size_x": 4.0,
      "size_y": 2.0,
      "size_z": 2.0,
      "rot_z": 0.0
    },
    {
      "center_x": 3.9962222576141357,
      "center_y": 8.122678756713867,
      "center_z": 0.0,
      "size_x": 8.696520805358887,
      "size_y": 4.991391181945801,
      "size_z": 4.0,
      "rot_z": 0.0
    },
    {
      "center_x": 26.378868103027344,
      "center_y": -13.1978759765625,
      "center_z": 0.0,
      "size_x": 5.125450134277344,
      "size_y": 6.227696418762207,
      "size_z": 4.0,
      "rot_z": 0.0
    }
  ]
}
