{
  "a": -0.038245983,
  "b": 0.033216927,
  "c": 0.9987161,
  "d": 1.4782379
}
