{
  "a": -0.04965499,
  "b": 0.01991113,
  "c": 0.99856794,
  "d": 1.641077
}
