{
  "a": -0.055780303,
  "b": 0.029602308,
  "c": 0.99800414,
  "d": 1.5322875
}
