{
  "a": -0.05021945,
  "b": 0.014424285,
  "c": 0.99863404,
  "d": 1.6413372
}
