{
  "a": -0.032870747,
  "b": -0.012173096,
  "c": 0.9993855,
  "d": 1.6837515
}
