{
  "a": -0.050460268,
  "b": -0.003047114,
  "c": 0.9987214,
  "d": 1.6054124
}
