{
  "a": -0.032484174,
  "b": 0.0064003807,
  "c": 0.99945176,
  "d": 1.4505929
}
