{
  "a": -0.047824904,
  "b": 0.020015217,
  "c": 0.9986552,
  "d": 1.5517708
}
