{
  "a": -0.03942935,
  "b": 0.030498015,
  "c": 0.9987568,
  "d": 1.632175
}
