{
  "a": -0.046775956,
  "b": 0.0121500455,
  "c": 0.9988315,
  "d": 1.4495575
}
