{
  "a": -0.044472203,
  "b": 0.028376956,
  "c": 0.9986075,
  "d": 1.6304364
}
