{
  "a": -0.037763756,
  "b": 0.04732773,
  "c": 0.9981653,
  "d": 1.4784552
}
