{
  "a": -0.05377036,
  "b": 0.01975823,
  "c": 0.99835783,
  "d": 1.4935684
}
