{
  "a": -0.04315764,
  "b": 0.0077032303,
  "c": 0.9990386,
  "d": 1.5401758
}
