{
  "a": -0.055230025,
  "b": -0.002018176,
  "c": 0.9984716,
  "d": 1.5450263
}
