{
  "a": -0.045903947,
  "b": -0.0058504557,
  "c": 0.9989287,
  "d": 1.5824819
}
