{
  "a": -0.043352958,
  "b": 0.011362446,
  "c": 0.9989952,
  "d": 1.6307796
}
