{
  "a": -0.03961938,
  "b": 0.026707463,
  "c": 0.99885786,
  "d": 1.6104556
}
