{
  "a": -0.040157292,
  "b": 0.01757376,
  "c": 0.9990388,
  "d": 1.7212543
}
