{
  "a": -0.03824657,
  "b": 0.043933053,
  "c": 0.9983021,
  "d": 1.5953045
}
