{
  "a": -0.038252506,
  "b": 0.027998008,
  "c": 0.9988758,
  "d": 1.5054314
}
