{
  "a": -0.04172737,
  "b": -0.007573761,
  "c": 0.9991003,
  "d": 1.7612936
}
