{
  "a": -0.049016196,
  "b": 0.010793708,
  "c": 0.99873966,
  "d": 1.4805031
}
