{
  "a": -0.033107284,
  "b": 0.014070635,
  "c": 0.99935275,
  "d": 1.5659916
}
