{
  "a": -0.054436516,
  "b": -0.009929423,
  "c": 0.99846786,
  "d": 1.5406402
}
