{
  "a": -0.042352784,
  "b": 0.013574073,
  "c": 0.9990105,
  "d": 1.7074381
}
