{
  "a": -0.056891583,
  "b": 0.020318046,
  "c": 0.9981736,
  "d": 1.4644953
}
