{
  "a": -0.038707092,
  "b": 0.022536209,
  "c": 0.99899644,
  "d": 1.6697025
}
