{
  "a": -0.041380636,
  "b": 0.0033021641,
  "c": 0.999138,
  "d": 1.716614
}
