{
  "a": -0.04297912,
  "b": 0.021765029,
  "c": 0.99883884,
  "d": 1.5122404
}
