{
  "a": -0.045677073,
  "b": 0.027550152,
  "c": 0.9985763,
  "d": 1.5956786
}
