{
  "a": -0.07132499,
  "b": 0.011802711,
  "c": 0.9973833,
  "d": 1.6100767
}
