{
  "a": -0.042295698,
  "b": 0.011329189,
  "c": 0.9990409,
  "d": 1.7330198
}
