{
  "a": -0.03818509,
  "b": -0.0119013935,
  "c": 0.9991998,
  "d": 1.6147017
}
