{
  "a": -0.06158363,
  "b": 0.012492207,
  "c": 0.99802375,
  "d": 1.542124
}
