{
  "a": -0.0514796,
  "b": 0.02908504,
  "c": 0.9982504,
  "d": 1.5781147
}
