{
  "a": -0.05047154,
  "b": 0.003707231,
  "c": 0.9987186,
  "d": 1.6448342
}
