{
  "a": -0.03953761,
  "b": 0.009251816,
  "c": 0.99917525,
  "d": 1.7862601
}
