{
  "a": -0.045626245,
  "b": 0.009220148,
  "c": 0.99891603,
  "d": 1.5654911
}
