{
  "a": -0.04760013,
  "b": -0.0047382363,
  "c": 0.99885523,
  "d": 1.5832663
}
