{
  "a": -0.042583257,
  "b": 0.016251747,
  "c": 0.99896073,
  "d": 1.6473756
}
