{
  "a": -0.04405186,
  "b": 0.018549519,
  "c": 0.998857,
  "d": 1.6532931
}
