{
  "a": -0.049989283,
  "b": 0.005577419,
  "c": 0.9987342,
  "d": 1.6203614
}
