{
  "a": -0.044509105,
  "b": 0.02658441,
  "c": 0.9986552,
  "d": 1.5960345
}
