{
  "a": -0.016223937,
  "b": -0.00067628647,
  "c": 0.99986815,
  "d": 1.7127202
}
