{
  "a": -0.040100526,
  "b": 0.0111312345,
  "c": 0.99913365,
  "d": 1.7624396
}
