{
  "a": -0.05443996,
  "b": 0.013006035,
  "c": 0.99843234,
  "d": 1.4681745
}
