{
  "a": 0.045320235,
  "b": -0.04518535,
  "c": -1.0,
  "d": -1.4739879
}
