{
  "a": -0.038310755,
  "b": 0.011124065,
  "c": 0.999204,
  "d": 1.680143
}
