{
  "a": -0.044563062,
  "b": 0.024955079,
  "c": 0.99869484,
  "d": 1.5626765
}
