{
  "a": -0.037846204,
  "b": 0.022362167,
  "c": 0.99903333,
  "d": 1.6143295
}
