{
  "a": -0.0417951,
  "b": 0.015368329,
  "c": 0.999008,
  "d": 1.7667556
}
