{
  "a": -0.04359018,
  "b": -0.0062423903,
  "c": 0.99903,
  "d": 1.6202146
}
