{
  "a": 0.039952263,
  "b": -0.017419674,
  "c": -1.0,
  "d": -1.6661084
}
