{
  "a": -0.04113708,
  "b": 0.022593522,
  "c": 0.998898,
  "d": 1.3965262
}
