{
  "a": -0.04842476,
  "b": -0.0045191855,
  "c": 0.9988166,
  "d": 1.5254738
}
