{
  "a": -0.052702945,
  "b": 0.0046109296,
  "c": 0.9985996,
  "d": 1.5511082
}
