{
  "a": -0.05184678,
  "b": 0.008711644,
  "c": 0.99861705,
  "d": 1.4047381
}
