{
  "a": -0.034484845,
  "b": 0.02374266,
  "c": 0.99912316,
  "d": 1.6000801
}
