{
  "a": -0.04407673,
  "b": 0.027501702,
  "c": 0.99864954,
  "d": 1.620273
}
