{
  "a": -0.04040867,
  "b": 0.02213512,
  "c": 0.998938,
  "d": 1.7904385
}
