{
  "a": -0.04442057,
  "b": 0.024661144,
  "c": 0.9987085,
  "d": 1.5740144
}
