{
  "a": -0.03907923,
  "b": 0.06708636,
  "c": 0.99698156,
  "d": 1.6017377
}
