{
  "a": -0.04894784,
  "b": 0.0024340535,
  "c": 0.9987984,
  "d": 1.641525
}
