{
  "a": -0.040200632,
  "b": 0.028458647,
  "c": 0.9987863,
  "d": 1.7040176
}
