{
  "a": -0.03974947,
  "b": 0.023035998,
  "c": 0.9989441,
  "d": 1.7377065
}
