{
  "a": -0.04999453,
  "b": 0.004081999,
  "c": 0.99874115,
  "d": 1.4972068
}
