{
  "a": -0.041083764,
  "b": 0.032125674,
  "c": 0.9986391,
  "d": 1.5091035
}
