{
  "a": -0.04284674,
  "b": 0.026068334,
  "c": 0.9987415,
  "d": 1.5666721
}
