{
  "a": -0.047113176,
  "b": 0.019252194,
  "c": 0.998704,
  "d": 1.6688094
}
