{
  "a": -0.036387246,
  "b": 0.026043754,
  "c": 0.99899834,
  "d": 1.6975064
}
