{
  "a": -0.045802698,
  "b": -0.004210863,
  "c": 0.99894166,
  "d": 1.5712738
}
