{
  "a": -0.06852753,
  "b": 0.00927846,
  "c": 0.9976061,
  "d": 1.586626
}
